ingreso_escalado,sexo,riesgo_escalado,estado_civil,siniestro
0.069436126,1,-1.136964387,0,0
0.722096819,1,1.594781714,1,0
-0.756901612,1,0.314275729,1,1
-0.95636769,1,0.058174532,0,0
-0.461764485,1,-1.136964387,1,0
-0.06716581,0,1.167946386,0,1
0.109236527,0,0.058174532,0,0
-0.789135924,1,0.570376926,1,1
-0.793721724,1,1.338680517,1,0
0.30998543,0,0.228908663,1,0
1.814486391,1,1.253313452,0,1
0.268690629,1,-0.454027862,1,0
1.005828079,1,0.143541598,0,1
0.136715322,1,-0.197926665,1,0
-0.013796237,0,1.424047583,1,0
-0.319958424,0,1.509414649,1,0
1.015726846,1,-0.966230256,1,0
0.556718502,0,-1.222331453,1,0
0.07190079,0,-1.051597322,1,0
-0.421466087,0,0.570376926,0,0
0.478911588,0,0.058174532,0,0
-0.16114778,0,-1.051597322,1,0
-0.566155943,1,-1.222331453,1,0
-0.681258545,1,-0.454027862,0,0
1.618777101,1,0.826478123,0,1
-0.822762077,0,0.741111057,1,1
0.192940748,0,-0.368660796,0,0
-0.483337064,1,-0.88086319,1,0
-0.873138193,0,-1.734533847,0,1
-1.009217795,1,0.997212255,0,1
-0.951558914,0,-0.624761993,1,0
-0.10751665,1,-0.197926665,1,0
-0.880227159,0,-0.88086319,1,1
0.022773975,0,-0.283293731,0,0
3.367311726,0,-0.624761993,0,1
-0.12416622,0,0.058174532,0,0
-0.91134121,0,-1.47843265,0,1
-0.519713532,1,-1.649166781,1,0
-0.545355544,1,0.48500986,1,1
1.016399195,0,-1.051597322,1,1
0.766919306,0,1.338680517,1,0
3.679876099,1,-0.027192534,1,1
0.808591681,0,0.058174532,0,1
0.015470815,1,0.826478123,1,0
-0.679240995,1,-1.136964387,1,1
-0.159256661,0,-1.136964387,1,1
1.028672956,0,0.826478123,0,1
-0.93580913,0,-1.051597322,1,1
0.204851344,1,1.338680517,1,0
-0.517863435,0,-0.368660796,1,0
-0.447233661,0,1.253313452,0,0
-0.82613205,0,0.741111057,0,1
-0.825456017,0,-0.795496125,0,1
-0.447940344,0,1.167946386,1,0
1.471161338,1,1.08257932,1,0
-1.039048987,1,-1.051597322,0,0
-0.296687385,0,-1.393065584,1,1
0.964487218,1,-0.283293731,1,0
1.460675029,0,-1.393065584,1,0
-0.801841357,1,-1.222331453,1,1
-0.398917384,0,-1.307698519,1,0
-0.212641522,0,-0.454027862,1,0
3.022839691,1,-0.88086319,1,1
-0.896119678,0,0.48500986,1,1
1.182322909,0,1.253313452,0,0
0.750036614,0,0.911845189,0,0
0.154020837,0,-0.283293731,1,0
-0.065288592,0,1.68014878,1,0
2.492706255,1,-1.051597322,1,1
-0.373103246,1,1.509414649,1,0
0.657365437,1,0.314275729,1,0
-0.705922533,0,-0.283293731,1,0
-0.429444856,1,-0.966230256,1,0
-0.779697867,0,-0.88086319,1,1
0.603768711,0,-0.966230256,0,0
-0.896827562,0,-0.368660796,1,1
0.246111593,1,-0.710129059,1,0
0.70719917,1,-1.393065584,1,0
-0.417113164,1,-0.283293731,1,0
-0.44076501,1,1.594781714,1,1
3.539061223,0,-0.710129059,1,1
-0.851097347,0,-0.454027862,0,1
-0.297058152,1,0.570376926,1,0
-0.772704502,1,-0.795496125,1,0
-0.449750298,1,0.570376926,1,0
-0.312669598,1,-0.454027862,1,0
-0.763402936,1,0.058174532,1,0
-0.883137939,1,-0.539394928,1,1
0.156907899,1,-0.197926665,1,0
-0.522481496,1,0.228908663,1,0
2.113804622,1,-0.624761993,1,1
-0.54491344,0,1.253313452,1,1
-0.198414612,0,-1.649166781,1,0
0.414965206,1,-0.539394928,1,1
-0.746494602,1,0.911845189,0,1
0.501729341,0,-1.307698519,1,0
0.975199909,0,-1.563799716,1,0
0.701854242,0,-1.47843265,1,0
-0.968602451,1,0.997212255,1,1
-1.006831036,1,-1.563799716,1,1
0.02637876,0,1.68014878,1,1
-0.844181858,1,-0.966230256,1,0
-0.895120627,1,1.509414649,1,1
-0.237784288,1,1.08257932,1,1
1.333751566,0,0.741111057,1,0
-0.716730136,1,1.594781714,1,1
-0.149834375,0,-1.051597322,1,0
2.801803843,1,0.399642795,0,1
4.160830507,0,0.058174532,1,1
2.185632915,1,1.424047583,1,1
-0.598898649,0,0.570376926,1,1
-0.260814532,1,0.143541598,0,0
-0.304502899,1,1.338680517,1,1
-0.369143271,1,-0.795496125,1,0
0.95710197,0,0.741111057,1,1
-0.949659561,1,-0.283293731,1,1
-0.34075457,1,0.911845189,0,0
-0.13416006,0,-1.136964387,1,0
0.267880627,1,-1.222331453,1,0
-0.748170403,1,-0.966230256,1,0
-0.870538844,1,-0.368660796,1,1
0.161408783,1,0.997212255,1,0
-0.843632704,1,-0.027192534,0,1
-1.020427328,1,-1.051597322,0,1
-0.661796157,0,0.655743992,1,1
-0.597288255,1,-0.454027862,1,0
1.850269597,1,1.509414649,1,1
0.865774369,1,1.167946386,0,0
-0.71314251,0,-1.307698519,1,1
1.981290767,0,-1.051597322,1,1
-0.300130433,1,0.228908663,1,0
0.063555362,1,1.424047583,1,0
-0.966499495,1,0.48500986,1,1
-0.409982862,0,0.655743992,0,1
-0.6362851,1,1.08257932,1,1
-0.447576749,0,-1.222331453,0,1
-0.869965193,0,-1.649166781,0,1
-0.137965894,1,-0.624761993,1,0
-0.953955824,1,1.509414649,1,1
-0.732044003,0,1.509414649,0,1
-0.173480891,1,-0.88086319,1,0
-0.275005635,1,1.594781714,0,0
-0.410769605,1,1.68014878,1,1
-0.664067102,0,0.48500986,1,1
0.841359548,1,-0.624761993,1,0
-0.387152374,1,0.911845189,1,1
-0.58347018,1,0.48500986,1,0
0.278218581,1,-0.027192534,1,1
-0.660790496,1,-0.454027862,1,1
0.316245432,0,0.655743992,0,0
1.129656405,1,0.143541598,1,0
-0.762350784,0,1.08257932,1,1
-0.750565778,1,1.167946386,1,0
-0.706944731,0,-1.649166781,1,0
0.608219773,1,0.655743992,1,0
1.75039811,1,-0.027192534,1,0
0.33414638,1,0.826478123,0,0
0.487443662,1,0.570376926,1,1
1.962502872,0,1.253313452,1,1
-0.517232191,1,-1.222331453,0,0
-0.890809651,0,1.424047583,0,1
-0.890563072,1,-0.112559599,0,1
1.068521598,1,0.570376926,1,0
-0.774697591,0,-1.222331453,0,0
0.512399724,0,-0.368660796,1,0
-0.42260878,0,-0.283293731,1,0
0.705041341,1,1.253313452,1,0
0.144582415,1,-0.795496125,1,0
-0.16563627,1,0.314275729,1,0
1.436524717,0,-1.222331453,0,0
-0.663243084,0,1.167946386,1,1
-0.160226946,0,1.765515846,1,0
-0.46083992,1,-1.051597322,1,0
-0.798514897,0,-0.368660796,0,1
1.606847141,1,0.143541598,1,1
-0.514722912,1,0.570376926,1,0
-0.467433121,1,1.338680517,1,0
-0.742585756,1,-0.112559599,1,1
-0.405282357,1,0.741111057,0,1
-0.180629705,1,0.826478123,1,1
0.678796891,0,-1.47843265,1,0
-0.605614409,1,0.228908663,0,0
-0.296427001,1,-1.393065584,1,0
-0.613523234,1,1.253313452,1,0
-0.403335626,0,-1.563799716,1,1
-0.450560236,1,1.424047583,0,0
-0.888888055,0,-1.136964387,1,0
-0.081256955,1,-0.283293731,0,0
-0.109217602,0,0.228908663,1,1
-0.2974078,1,1.594781714,0,1
1.27477159,0,-0.368660796,1,0
3.45064908,1,-1.222331453,1,1
-0.618303065,1,-1.649166781,1,0
-0.949873632,1,-1.051597322,1,1
0.297579767,1,-1.563799716,0,0
-0.101160288,1,-0.88086319,0,0
-0.940917708,1,-1.47843265,1,1
-0.933084976,0,0.48500986,1,1
-0.497418086,0,0.399642795,0,0
-0.302362803,1,-0.795496125,1,1
-0.50980089,0,-0.710129059,1,1
0.364133443,0,1.08257932,0,1
-0.541619125,1,-0.966230256,0,1
-0.736967085,1,1.253313452,1,1
-0.884352209,1,-1.136964387,1,1
-0.351866074,0,0.228908663,1,0
-0.974343831,1,-0.710129059,1,1
-0.004054311,1,1.424047583,1,0
2.950515042,1,-1.136964387,1,1
-0.210191881,1,1.594781714,1,0
-0.325369914,1,1.424047583,1,0
-0.051661226,1,0.143541598,1,0
-1.03435031,0,-0.539394928,1,1
2.22706817,1,-1.649166781,1,1
1.711636342,0,1.424047583,0,1
0.184044595,1,0.741111057,1,0
-0.868415492,0,0.314275729,1,1
-1.031735653,1,-0.112559599,1,0
-0.563771823,0,-1.47843265,1,1
1.530670686,0,1.509414649,0,1
-0.495137094,1,0.826478123,1,1
-0.534265784,1,1.424047583,1,0
-0.856044386,0,0.48500986,1,1
-1.026123351,1,-0.197926665,1,1
-1.003567032,1,-0.112559599,1,0
0.248086282,0,-0.112559599,1,0
-0.932205762,0,-0.197926665,0,1
-0.434678241,1,0.399642795,1,1
1.758916333,1,-0.710129059,1,0
0.901811696,0,-0.88086319,1,0
-0.701646585,0,-0.283293731,0,1
0.15851695,0,-0.624761993,0,1
2.027600497,0,1.424047583,0,0
-0.931191022,0,0.48500986,0,1
-0.181870339,1,-1.307698519,1,1
1.433907958,1,1.68014878,0,0
-0.686658274,0,-1.563799716,1,1
-0.375987268,1,-1.051597322,1,0
-0.18407368,1,0.911845189,1,0
-0.697760423,1,0.826478123,1,1
-0.758953403,1,-0.710129059,1,1
-0.022884515,1,-1.136964387,1,0
2.074095664,1,0.655743992,0,1
-0.595076924,1,-0.710129059,0,0
2.060901799,0,-1.051597322,1,1
-0.886104132,1,-0.112559599,1,1
0.55066803,1,0.314275729,1,0
0.716438564,1,-1.47843265,1,0
1.339816127,0,0.826478123,0,1
-0.327467656,1,-0.368660796,1,0
-0.701742125,0,1.424047583,1,1
-0.68625767,0,0.911845189,0,1
-0.866687427,0,-0.197926665,0,1
1.287726775,1,-0.966230256,1,0
-0.378952832,0,-0.197926665,1,0
0.228090197,1,0.997212255,1,0
0.28457224,1,1.08257932,0,0
0.25390502,1,-1.136964387,0,0
1.236640475,0,-1.649166781,1,1
-0.996525673,1,-0.112559599,1,1
-0.787006244,0,0.058174532,1,1
-0.51242134,0,1.167946386,1,1
1.51589738,1,-0.539394928,1,0
-0.344454807,0,-0.283293731,0,1
-0.385322267,1,-0.112559599,1,0
1.00061211,1,0.570376926,1,0
-0.813391917,0,1.68014878,1,1
-0.58820472,1,-0.197926665,1,1
-0.668531468,1,0.058174532,1,1
-0.399188762,0,0.399642795,0,1
-0.33002121,0,0.399642795,0,1
0.208028299,1,-0.197926665,1,0
0.427557583,1,-0.368660796,1,0
-0.314944941,1,-1.47843265,0,0
-0.632389793,1,0.143541598,1,0
0.381143857,1,1.424047583,1,0
-0.335182829,1,1.509414649,1,1
-0.607556175,0,1.338680517,1,1
1.596686462,1,0.48500986,1,0
-0.580393655,1,-0.454027862,1,0
0.178358468,0,-1.051597322,0,0
2.394470347,1,0.143541598,1,1
-0.068313689,1,0.058174532,1,0
2.908844568,0,0.570376926,1,1
0.307357411,1,0.741111057,1,0
-0.73447569,0,1.08257932,1,1
-0.341479484,1,1.253313452,0,1
1.570054609,0,-0.197926665,1,0
-1.005077213,1,-1.222331453,1,0
-0.938317486,0,1.167946386,1,1
0.353445081,1,-0.966230256,1,0
0.456075267,0,0.058174532,0,0
-0.926472255,1,0.399642795,1,1
-0.367037039,0,-0.88086319,1,1
-0.797082608,0,-1.393065584,1,1
-0.29582818,0,-0.710129059,0,1
1.47238328,1,-0.112559599,1,0
-0.037345609,1,1.509414649,1,0
-0.979569525,0,-1.222331453,0,1
1.169672248,0,0.655743992,0,1
-0.649406448,1,-1.307698519,1,0
-0.794335383,1,0.741111057,1,1
0.619082903,0,0.48500986,1,0
-0.804461352,0,-0.624761993,1,1
-0.439012564,1,-1.051597322,1,0
-0.110368257,0,0.058174532,0,0
1.392041748,1,0.741111057,1,0
0.235957245,1,0.570376926,0,0
0.049077005,1,-0.454027862,1,0
-0.01922212,0,-0.027192534,0,1
-0.27883286,0,-1.051597322,1,1
0.075891041,1,0.997212255,1,1
1.027938181,1,-1.47843265,0,0
-0.532356449,1,1.167946386,1,1
0.015480341,0,1.424047583,1,0
-0.387932454,1,-1.734533847,0,0
-0.145472003,0,0.997212255,0,1
-0.910137463,0,-0.539394928,0,0
-0.576205795,1,1.338680517,1,1
-0.044674905,1,0.911845189,1,1
-1.004340371,0,-1.136964387,1,0
-0.474493905,0,1.08257932,1,1
0.088044319,0,0.058174532,0,0
1.946619225,1,1.338680517,1,1
-0.067977034,0,1.509414649,0,1
-0.995018215,1,-0.197926665,1,0
0.399657271,1,0.399642795,0,0
1.353481243,0,-1.222331453,0,0
0.037398139,1,0.48500986,1,0
2.321659085,0,0.570376926,0,1
0.148128738,1,1.594781714,1,0
-0.765620342,0,0.314275729,0,1
-0.425746512,1,-1.307698519,0,0
0.746277226,0,-0.88086319,1,1
0.83069238,1,-1.307698519,1,0
-0.706534298,0,-0.710129059,0,1
-0.317530737,1,1.509414649,1,0
-0.730467612,0,0.741111057,0,1
-0.6198587,1,-0.197926665,0,0
-1.013380941,1,-0.795496125,1,1
-0.64346506,1,1.68014878,1,0
-0.339552866,0,-0.966230256,1,0
-0.496213988,0,-1.136964387,1,0
-0.749105595,0,0.826478123,1,0
-0.559158942,1,0.911845189,0,0
0.562782035,0,0.655743992,1,0
-0.340350848,0,0.570376926,1,0
1.33912331,1,1.765515846,1,0
0.835045368,1,-0.539394928,1,0
-0.415530721,0,-0.197926665,0,1
0.888283476,0,-0.710129059,1,0
1.951215076,1,0.826478123,1,0
-0.86370306,1,0.911845189,1,0
-0.985317339,0,-1.136964387,0,1
0.3298372,0,0.143541598,1,0
-0.695386449,0,-0.283293731,1,1
0.591088294,0,1.167946386,0,0
-0.688447069,0,1.167946386,1,1
-0.498145965,0,0.143541598,0,1
1.560374255,1,0.911845189,1,0
0.635534966,0,0.228908663,1,0
-0.884118802,1,1.68014878,1,1
-0.782761935,1,-1.649166781,1,1
-0.942405675,1,0.655743992,1,1
0.562260683,1,0.228908663,0,0
-1.033462009,1,0.826478123,1,1
0.703371826,1,-0.112559599,0,0
-0.153310869,0,-0.027192534,0,1
-0.079974646,0,0.058174532,0,1
-0.51821249,1,-1.649166781,0,0
1.346439985,1,-1.051597322,1,0
1.843774847,1,-1.393065584,1,1
-0.734385627,0,-0.197926665,0,1
-0.805981954,0,0.655743992,1,1
-0.798343587,0,-0.283293731,1,1
0.02497028,0,0.228908663,0,1
-0.322196879,0,0.826478123,1,0
0.679399525,1,-1.051597322,0,0
1.57038637,1,0.399642795,0,1
0.003803712,1,-1.393065584,1,0
-0.497526701,1,1.594781714,1,1
-0.625526343,1,-1.307698519,1,0
-0.48256086,1,0.399642795,0,0
-0.613314283,1,-0.112559599,1,1
-0.281808166,1,0.570376926,1,1
-0.72940604,1,1.424047583,0,0
-0.936524183,1,0.655743992,1,1
0.765294658,1,-0.966230256,1,0
-0.644296307,1,-0.283293731,1,0
0.572275142,0,-1.734533847,1,0
-0.907455256,1,0.058174532,1,1
0.920053377,1,-1.47843265,1,0
0.602633608,0,0.228908663,0,0
-0.60960008,1,-0.795496125,1,1
1.242312174,1,-1.47843265,1,0
-0.137350331,0,-0.454027862,0,0
-0.953893344,1,-0.539394928,1,0
0.782097968,1,1.338680517,1,0
0.107067278,0,-0.368660796,1,1
1.355018466,1,1.08257932,0,0
-0.866453193,0,0.399642795,0,1
0.08022748,1,-1.222331453,1,0
0.446485288,1,1.594781714,1,0
-0.531474462,1,-0.624761993,1,1
0.613979582,1,1.253313452,1,0
0.615716631,0,-0.624761993,1,1
0.482273547,0,-0.197926665,1,0
-0.009778996,1,-0.027192534,0,0
-0.851768105,1,1.338680517,1,1
-0.936600534,1,1.167946386,0,1
0.143062138,1,0.399642795,1,1
-0.892682923,1,-1.649166781,1,1
0.448306637,1,1.338680517,1,0
-0.828030494,1,0.911845189,1,1
1.212946405,0,-0.88086319,0,0
-0.942598585,1,-0.197926665,0,1
0.348169008,1,1.509414649,1,0
0.076167256,1,0.655743992,1,0
-0.639886714,0,-0.027192534,0,1
-0.47074767,1,-1.47843265,0,1
3.243005823,1,1.08257932,1,1
-0.081380576,1,-0.283293731,1,0
0.540201818,0,-0.027192534,1,0
1.607208641,0,-1.051597322,0,1
0.84214246,0,-1.307698519,1,0
0.850268511,0,-1.136964387,0,1
1.746496282,0,-0.795496125,1,1
0.147100342,0,-1.563799716,0,0
-0.867126086,1,-0.454027862,1,1
-0.498742895,1,0.143541598,1,1
-0.374740045,0,0.826478123,0,1
0.923967534,0,-0.027192534,0,0
0.166650325,1,1.594781714,0,0
1.368592798,0,-0.710129059,1,1
-0.268259733,1,0.655743992,1,0
-0.956180879,1,-0.795496125,1,0
-0.958774616,0,-0.283293731,0,1
-0.350123247,1,0.997212255,1,1
1.266164749,1,0.741111057,0,0
4.518298308,1,1.338680517,0,1
-0.929025447,0,-0.112559599,1,1
1.060262535,0,-1.649166781,1,0
-0.889785905,1,-0.88086319,1,0
1.832959975,1,-1.222331453,1,1
0.366390422,1,-1.47843265,0,0
0.248644451,1,-1.649166781,1,0
-0.690842773,1,1.594781714,1,0
-0.852316268,1,0.655743992,1,1
1.159279871,0,1.253313452,0,0
-0.898342347,0,1.253313452,1,1
-0.068732156,1,-0.197926665,1,0
-0.966855339,1,-1.222331453,0,1
-0.369295205,1,-0.966230256,1,0
1.110757085,0,0.058174532,0,0
-0.82776016,0,1.765515846,0,1
1.648712518,1,1.08257932,0,1
0.771923725,0,-0.624761993,1,1
-1.011797584,0,-0.966230256,1,1
0.87389613,0,-1.222331453,0,0
-0.837986267,1,-0.283293731,0,1
-0.852158342,1,-0.710129059,1,1
-1.010081739,1,0.143541598,1,1
0.598638083,0,1.68014878,0,0
-0.545613792,1,-1.136964387,1,0
0.732013365,1,0.314275729,1,0
0.229846004,1,-1.47843265,0,0
-1.006089557,1,-1.649166781,1,1
-0.818771644,1,-0.966230256,0,1
-0.3876392,0,0.911845189,1,0
1.462463643,0,-1.307698519,1,1
-0.14911456,0,-1.47843265,1,1
0.130866177,1,0.826478123,0,0
-0.786859079,1,0.48500986,1,0
-0.161598141,1,-1.136964387,1,0
-0.536131949,1,-1.649166781,0,0
-0.876680024,1,-1.47843265,1,1
-0.278428374,0,-0.027192534,1,0
-0.500093197,0,1.424047583,1,1
-0.213125144,0,-1.136964387,1,0
6.414070827,1,-1.649166781,1,1
1.10535435,1,1.08257932,1,1
-0.668149149,0,-1.051597322,0,1
-0.97504229,0,1.424047583,0,1
0.230294158,1,0.655743992,1,1
-0.303783665,0,-1.563799716,0,1
-0.166253741,0,1.338680517,1,1
0.204162974,0,-1.563799716,0,0
-0.742711382,0,1.08257932,1,1
-1.016349745,1,-0.624761993,1,1
2.842725347,0,0.314275729,1,1
-0.455519725,1,1.68014878,1,0
-0.784287075,1,-0.027192534,1,1
-0.257587279,0,1.338680517,1,0
0.927390703,0,1.08257932,0,1
-0.907910071,1,0.570376926,1,0
-0.81589497,0,-0.368660796,1,1
-0.885528649,1,0.826478123,0,0
-0.845822025,0,-0.624761993,0,1
-0.238700973,1,-0.283293731,1,0
0.309109361,0,-0.027192534,0,0
-0.802564425,0,-0.454027862,1,1
1.306605496,0,0.399642795,0,1
-0.089355457,1,-1.47843265,0,0
-0.693516342,0,-1.136964387,1,0
0.631948026,0,0.570376926,0,0
1.606974828,1,1.509414649,1,0
2.925328253,1,-1.222331453,1,1
-0.770894415,1,-0.112559599,0,1
0.81406757,1,0.826478123,0,1
-0.076924606,1,1.167946386,0,0
-0.438801987,0,0.143541598,1,1
-0.916343298,0,-0.710129059,1,1
0.034936598,0,1.167946386,0,1
-0.267067481,1,0.826478123,1,0
0.258985882,1,0.911845189,0,0
-0.02157177,0,1.594781714,0,0
-0.908813303,1,0.48500986,1,1
-0.991153489,1,-0.539394928,1,1
-0.092233988,1,-1.563799716,1,0
1.810119789,0,0.655743992,1,1
-0.437230875,1,-1.649166781,1,1
0.07221691,1,0.655743992,1,0
-0.855308766,0,0.48500986,0,1
-0.276335516,1,-0.197926665,1,0
0.691982732,1,1.509414649,0,0
0.939049684,0,-0.966230256,1,0
-0.764236805,1,-0.368660796,1,0
2.430586669,1,0.911845189,1,1
-0.9886559,1,-0.454027862,1,1
0.692643638,0,-0.966230256,1,0
-0.873188396,1,-0.027192534,1,1
0.072292766,1,-1.136964387,0,0
-0.375858339,1,0.399642795,1,0
-0.943175149,1,-1.051597322,1,0
-0.893290118,1,0.741111057,0,1
-0.56018837,0,0.741111057,1,1
-0.550337541,0,-1.307698519,1,0
0.599480263,1,-1.051597322,1,0
0.031452643,1,1.594781714,0,0
-0.469077502,1,0.997212255,1,1
0.693856792,0,-0.197926665,0,0
-0.857160541,1,-0.112559599,1,0
-0.617153637,0,-1.307698519,0,1
1.415932237,1,0.570376926,1,1
0.822553039,1,-1.393065584,0,0
0.172669035,0,-0.368660796,0,0
-0.932765322,1,1.08257932,1,1
0.855034746,0,1.424047583,0,0
0.183743432,0,0.399642795,1,0
-0.940022234,1,-1.222331453,1,1
-1.021936905,0,-1.563799716,1,1
-0.761059422,1,0.997212255,1,1
-0.805333416,1,0.570376926,1,0
2.166449076,0,-0.539394928,0,1
-0.647842867,1,0.058174532,1,0
-0.854923892,1,-1.734533847,0,1
-0.686096774,1,-0.027192534,1,1
1.242980371,1,-1.47843265,1,0
3.196713403,0,-0.88086319,1,1
-0.947042881,1,0.399642795,1,1
-0.10134073,1,1.68014878,0,0
-0.82041306,0,-0.710129059,1,1
-0.459276901,0,-1.136964387,0,0
-0.770707604,1,0.228908663,1,1
-0.69815081,0,-0.454027862,1,1
-0.796597165,1,1.68014878,1,1
0.025375025,1,-0.795496125,1,0
1.757703174,1,-0.795496125,1,0
-0.741654401,0,-0.795496125,0,1
-0.491826951,0,-1.136964387,0,1
0.374882238,0,0.228908663,1,1
-0.397135848,1,0.143541598,1,0
-0.936043338,1,0.48500986,1,1
-0.654112472,1,-0.710129059,1,0
0.360913645,0,-0.966230256,0,0
-0.94985834,0,-0.454027862,1,1
-0.673348649,0,1.424047583,0,1
-0.562567309,0,0.058174532,1,1
-0.864162626,1,-0.197926665,0,0
-0.743083365,0,0.570376926,1,1
-0.099940014,1,-1.563799716,1,0
-0.511507846,1,-0.710129059,1,0
0.001983169,1,1.68014878,1,1
-1.014203434,1,-0.197926665,1,1
0.56895929,0,0.058174532,1,0
0.002232402,1,0.997212255,1,0
-0.691298652,0,0.826478123,1,1
-0.321078416,1,-1.563799716,0,0
-0.678803592,0,1.509414649,0,1
-0.218445977,1,-1.47843265,1,0
-1.01038438,0,0.228908663,0,1
-0.540294638,1,-0.454027862,1,0
0.905075735,0,-1.051597322,1,1
-0.586486144,1,-1.307698519,0,1
1.176051782,1,-1.307698519,0,0
-0.699942284,1,0.826478123,1,1
-0.800025362,1,1.424047583,1,0
2.279334114,0,-0.88086319,0,1
-0.606741397,1,1.08257932,1,0
-0.252937055,0,-0.112559599,0,0
0.888862034,0,-1.649166781,1,1
-0.045135363,1,-0.88086319,1,0
1.825552062,0,0.741111057,1,1
-0.951498241,0,0.911845189,0,1
-0.857338446,0,1.509414649,1,1
0.924708541,0,0.655743992,1,1
-0.36942678,0,-0.966230256,1,0
0.068144409,1,-1.649166781,1,0
-0.35007133,0,0.741111057,1,1
-0.419705589,0,-1.563799716,0,0
0.112766099,1,1.509414649,1,0
0.230564489,0,-1.649166781,0,0
2.564872098,1,1.08257932,1,1
-0.525345559,0,0.655743992,0,0
-0.084683788,1,0.826478123,1,0
0.553720162,1,-0.197926665,1,0
-0.201954712,0,1.338680517,1,1
-0.273127414,0,-0.624761993,1,0
-0.754563296,0,-0.88086319,0,1
-0.97710315,1,1.338680517,1,1
0.984824085,0,-0.795496125,1,1
2.146636292,1,0.058174532,1,1
-0.706685547,1,-1.649166781,1,1
-0.460253765,0,-1.136964387,1,0
-0.468316402,0,-1.563799716,1,1
-0.247441766,1,-1.47843265,1,0
-0.99392275,1,1.08257932,0,1
-0.543259905,0,-0.112559599,1,1
-0.831485873,0,1.08257932,0,1
-0.521352304,0,0.911845189,0,0
-0.895786819,0,0.741111057,1,1
0.329148397,1,-0.197926665,1,1
-0.298514274,0,-1.393065584,0,0
-0.34641188,1,0.058174532,1,1
-0.707832629,1,1.08257932,1,1
-0.404344692,1,0.058174532,1,1
0.419938876,0,-0.88086319,1,0
-0.949722716,1,0.143541598,1,1
0.011293403,1,0.826478123,1,0
-0.670354685,1,1.424047583,1,1
0.241013476,1,0.228908663,1,0
-0.322237627,0,0.399642795,0,1
-0.457649331,1,1.253313452,1,0
-0.865686706,1,-1.136964387,0,1
-0.779487786,0,-1.47843265,0,1
-0.586908843,1,-0.368660796,1,0
-0.183487771,1,-0.966230256,0,1
1.259041406,0,0.826478123,0,1
-0.280201714,0,1.253313452,1,1
-0.887006911,1,-0.88086319,1,1
-0.916027507,1,1.338680517,1,1
-0.898574663,1,0.143541598,1,1
-0.655394057,1,-0.795496125,1,0
2.12661997,0,0.314275729,0,1
-0.240165192,0,-0.454027862,1,0
-0.94509064,1,1.338680517,1,1
-0.37225288,0,-0.710129059,0,0
0.99032553,1,-0.88086319,0,0
0.549178269,1,-1.222331453,0,0
-0.852617934,0,0.997212255,1,1
0.869270543,1,0.143541598,1,0
-0.813855804,1,1.765515846,0,1
-0.164377331,1,-0.624761993,1,0
-0.781738309,0,-0.795496125,0,1
1.747537024,1,-1.649166781,1,1
-0.427772083,0,-0.624761993,0,1
0.2068455,1,0.741111057,1,0
-0.232440623,1,-1.136964387,1,0
2.752907386,0,-1.563799716,1,1
-0.265656278,0,0.058174532,0,1
-0.035666292,1,-0.795496125,1,0
-0.799758707,1,0.143541598,1,1
0.553133724,0,-0.624761993,1,0
-0.447406256,0,-0.539394928,1,1
-0.701151526,1,-0.795496125,1,1
-0.392278558,1,-1.222331453,1,0
-0.729268494,1,0.655743992,1,1
-0.16353121,0,-1.393065584,1,0
-0.734787554,1,-0.88086319,0,1
1.181065818,1,1.424047583,1,0
-0.481463686,0,0.058174532,1,1
-0.688971715,0,0.911845189,0,1
-1.012193445,0,-0.454027862,0,1
0.639760082,0,1.424047583,0,0
-0.953181831,1,-1.563799716,0,0
-0.296477544,1,-0.88086319,1,0
1.607960415,1,-0.027192534,1,0
0.181441379,1,0.314275729,1,0
-0.228799783,1,1.253313452,1,0
-0.174468252,1,0.058174532,0,0
-0.972351084,0,-0.112559599,1,0
0.624531124,1,0.655743992,1,0
-0.102750922,1,0.228908663,1,0
-0.878852828,1,-1.222331453,0,1
3.528681023,1,-0.112559599,1,1
0.628568304,0,-1.136964387,0,1
-0.755248447,1,0.570376926,1,0
0.127216906,1,-0.368660796,1,0
-0.434597505,1,0.826478123,1,0
0.544256785,1,-0.966230256,0,0
-0.981147114,0,0.655743992,1,1
-0.181900238,0,0.570376926,0,0
-0.918194845,1,-0.539394928,1,0
-0.789361409,0,0.143541598,1,1
-0.12459282,0,-0.795496125,0,1
-0.50479349,1,-1.136964387,1,0
0.282403649,0,-1.563799716,1,0
1.350592731,1,0.997212255,1,1
0.322310543,1,1.68014878,1,0
-0.786605063,1,-1.136964387,1,1
-0.783436584,0,-1.307698519,1,0
1.724091185,0,0.570376926,0,0
-0.17666352,0,-1.136964387,1,0
-0.106823245,0,-1.649166781,1,0
0.774117244,1,-1.47843265,1,0
-0.768029459,1,-0.027192534,1,1
0.570139072,1,1.424047583,0,0
0.503110257,1,-0.966230256,1,0
-0.970343497,1,-0.197926665,1,1
-0.014729551,0,1.68014878,1,1
-0.918916514,1,1.509414649,0,1
-0.73370968,1,-0.88086319,1,0
-0.155347838,1,-1.393065584,1,0
1.908511411,1,0.058174532,1,1
-0.044003474,1,0.228908663,0,0
-0.953570202,1,1.594781714,1,1
-0.816078528,1,0.48500986,1,0
-0.818961129,0,0.399642795,0,1
-0.938449531,1,0.997212255,0,1
-0.60183339,1,0.911845189,1,1
-0.466059805,1,-1.222331453,0,0
-0.96809948,1,-0.197926665,1,1
-0.779825182,1,1.68014878,1,1
-0.808994701,0,1.424047583,1,1
-0.217307521,1,1.68014878,1,1
-0.731611909,0,0.911845189,0,1
-0.326367426,1,1.167946386,1,0
-0.539545107,0,-0.197926665,0,0
-1.022634045,1,-0.710129059,1,1
-1.027672861,1,1.253313452,0,1
0.947549677,1,1.253313452,1,0
-0.977192282,1,-0.624761993,1,1
-0.95072858,0,-1.563799716,1,0
0.733658665,0,-0.88086319,0,0
-0.883185672,1,-1.47843265,1,1
-0.795975669,1,-0.368660796,0,0
-0.110709012,0,-1.649166781,0,0
-0.417914763,0,-0.710129059,1,1
0.295181202,0,0.48500986,0,1
-0.644120332,1,0.570376926,1,1
2.040485968,1,-0.283293731,0,1
-0.742141692,1,-1.47843265,1,0
0.708507174,1,0.826478123,1,0
-0.717322813,0,-0.283293731,1,1
-0.323300009,1,1.338680517,0,0
-0.58675914,1,-0.795496125,1,0
1.764728273,0,-0.795496125,1,1
-0.990165886,1,-0.197926665,1,1
2.518101354,0,-0.539394928,1,1
0.178024937,1,1.08257932,1,0
-1.000752885,1,-1.47843265,1,1
0.702591255,1,-0.539394928,1,0
-0.656636469,1,1.68014878,1,1
0.0094679,0,0.570376926,0,0
1.692871669,0,1.509414649,0,0
5.201290608,0,-0.283293731,1,1
-0.653850705,0,0.48500986,1,0
0.42338895,1,0.741111057,1,1
-0.842855606,1,-1.563799716,0,0
-0.644564874,1,1.509414649,1,0
-1.007679587,0,1.68014878,1,1
6.033695318,1,1.167946386,0,1
-0.8150488,1,-0.710129059,1,1
-0.036020341,0,1.424047583,0,0
-0.488271957,0,-1.649166781,1,0
-0.28518761,0,-1.307698519,0,1
1.251393299,0,-0.368660796,0,0
2.75418281,0,-1.563799716,1,1
0.047498346,0,-1.222331453,1,0
-0.744740864,1,1.594781714,1,1
-0.839365879,1,0.143541598,0,1
-0.594736207,0,0.314275729,0,0
-0.811443632,1,-0.112559599,0,0
-0.52495329,0,1.167946386,1,0
-0.426377012,1,-0.283293731,1,0
3.500901532,0,0.997212255,1,1
-0.83142735,1,-1.563799716,0,1
1.067680949,1,1.68014878,1,0
-0.986960531,1,0.228908663,1,0
-1.032874382,0,-0.966230256,0,1
0.662818605,1,0.997212255,1,0
1.156628968,0,1.68014878,1,1
1.902890135,0,-0.539394928,1,1
-0.817506473,1,-1.051597322,1,0
-0.492701654,0,-1.47843265,1,1
-0.464126653,1,-1.051597322,1,1
-0.861193676,1,1.253313452,1,1
-0.297812037,1,-0.112559599,1,0
4.566025394,0,-0.710129059,1,1
-0.72456234,1,-1.307698519,0,0
-0.816246878,0,0.741111057,1,0
-0.96156855,1,-1.051597322,1,0
-0.085496745,1,-0.88086319,1,0
-0.983034788,0,-1.051597322,1,1
0.096809043,0,-1.307698519,1,0
-0.632110842,1,0.058174532,1,0
-0.905363125,1,1.08257932,0,1
1.25712796,0,-0.197926665,1,0
0.715671516,0,1.68014878,1,1
-0.697288879,1,-0.454027862,1,1
-0.366413941,0,-1.649166781,1,1
-0.201091124,0,0.143541598,0,0
-0.629948595,0,1.594781714,0,1
0.50614785,1,0.143541598,1,0
1.557156147,0,-0.795496125,1,0
0.634234229,1,0.570376926,1,0
-0.963494632,1,-0.624761993,1,1
-0.491383251,1,0.143541598,1,1
-0.501840336,1,1.68014878,0,1
-0.072277457,0,-1.393065584,1,0
2.212789792,1,0.570376926,1,1
-0.668682772,1,0.48500986,1,0
-0.952201897,1,0.143541598,1,0
2.737083678,0,0.399642795,0,1
-0.659228178,1,-1.649166781,1,1
-0.534473836,1,1.68014878,1,0
-0.87925322,1,1.08257932,1,1
-0.501177628,1,0.570376926,0,0
-0.465694658,1,-0.283293731,1,1
0.435069085,1,0.741111057,0,0
0.053829797,0,-0.624761993,1,0
-0.437099333,0,-1.393065584,0,1
-0.11176309,1,-1.563799716,1,0
0.32958699,1,1.338680517,0,0
1.458817658,0,0.058174532,1,0
-0.449409164,1,-0.197926665,1,1
0.137173958,0,1.338680517,0,0
-1.029843368,1,-1.649166781,0,1
-0.68712167,1,1.08257932,1,1
-0.873831269,1,0.399642795,1,1
0.789590477,0,-0.368660796,1,1
0.908388296,0,-0.624761993,1,0
0.081141388,0,0.570376926,1,0
-0.463273008,0,-0.027192534,0,1
-0.338959477,0,-1.393065584,0,0
-0.134452923,0,1.167946386,1,1
-0.26489395,1,-1.307698519,1,0
-0.586149675,1,0.314275729,1,0
0.282059132,0,0.314275729,0,0
3.476401411,0,1.594781714,0,1
0.965958152,1,0.48500986,1,0
-0.722178066,0,-1.649166781,0,0
-0.690954634,0,1.08257932,0,0
-0.27148575,0,0.655743992,0,1
1.640468187,0,0.058174532,1,1
0.052135628,0,0.058174532,1,0
-0.639295183,1,1.509414649,1,1
-0.524719927,0,1.594781714,0,1
-0.618849852,0,-1.393065584,0,1
-0.928903453,0,-0.283293731,0,1
-0.967658975,1,0.997212255,1,1
0.0149252,1,1.594781714,1,0
-0.032055948,0,0.997212255,0,1
0.162526454,0,0.826478123,1,0
-0.904505547,1,-0.368660796,1,1
-0.103590401,0,1.253313452,1,1
1.097010065,0,-1.563799716,1,1
1.774341915,0,1.08257932,0,1
-0.89177436,1,1.253313452,0,1
-0.558445163,0,0.314275729,1,1
-0.602542279,0,0.399642795,1,1
-0.719853442,0,0.570376926,0,1
-0.704668582,1,0.399642795,1,0
-0.69063657,1,-0.710129059,1,1
0.695881894,0,-0.027192534,1,0
-0.785941648,0,1.338680517,0,1
-0.638374898,1,-0.710129059,1,0
-1.034681178,1,0.826478123,1,1
-0.854877958,1,0.058174532,1,1
0.80441134,1,-0.112559599,1,1
-0.831100302,0,-0.624761993,0,1
0.042803206,1,0.997212255,0,0
-0.737089827,1,0.399642795,1,0
-0.944867655,0,-0.539394928,0,1
3.294509056,1,0.228908663,1,1
0.094501839,0,-0.283293731,1,0
-0.87313316,1,-0.710129059,1,1
-0.938003754,0,1.338680517,0,1
0.170097902,1,0.399642795,1,0
-0.887139254,1,-0.112559599,1,1
-1.02631292,0,-0.027192534,1,1
-0.705979808,1,-0.88086319,0,0
-0.724104794,0,-0.112559599,0,1
0.286475857,1,1.424047583,1,0
-0.161411052,1,1.167946386,0,0
-1.008836393,1,-1.393065584,0,1
0.374794329,0,0.058174532,1,0
-0.86871202,1,-1.393065584,0,1
1.262628011,1,0.826478123,1,1
-0.701028406,0,0.741111057,1,0
1.52739056,0,-0.795496125,0,1
0.056406632,0,-0.368660796,1,1
-0.405007406,1,-1.649166781,1,0
-0.232740836,1,-0.454027862,1,0
-0.666336939,1,-0.027192534,1,0
-0.243802375,1,-0.112559599,1,0
-0.708521411,1,-1.222331453,0,1
0.638865033,1,-1.222331453,0,0
-0.660101182,1,0.228908663,0,0
1.075527667,0,-1.051597322,1,0
0.171685493,0,-1.136964387,1,0
-0.234810613,1,1.594781714,1,0
2.318620964,1,-1.563799716,1,1
0.789146258,0,-0.283293731,0,0
0.75445338,1,-0.197926665,0,0
-0.172128824,0,-0.966230256,0,0
0.483168787,1,0.741111057,1,0
-0.765848009,0,-0.283293731,0,1
-0.542028135,0,0.741111057,1,1
-0.263095701,1,-1.307698519,1,0
-0.634746287,1,-1.47843265,1,0
1.108399696,1,-0.112559599,1,0
-0.381442283,0,0.655743992,0,1
1.023844859,0,-1.393065584,1,0
1.614712384,1,0.48500986,1,0
0.911183471,1,-0.539394928,1,0
0.157197209,1,0.741111057,1,0
0.387626321,0,0.570376926,1,0
-0.017255216,0,0.058174532,0,0
-0.897378751,1,0.826478123,1,1
-0.78328973,1,-1.563799716,1,1
0.85581079,0,-1.307698519,0,0
-0.220901608,1,-0.027192534,1,1
-0.579448396,0,-1.307698519,0,0
-0.646815363,1,-1.136964387,1,0
-1.026497672,0,-0.624761993,1,1
4.794150959,1,-0.88086319,0,1
-0.299728292,1,0.911845189,0,0
-0.032016528,1,-1.051597322,1,0
0.407813216,1,-1.136964387,0,0
0.011405546,1,-1.051597322,1,0
-0.980226319,1,-1.47843265,1,0
-0.320307464,1,-1.649166781,1,0
-0.559174305,1,0.741111057,0,0
1.013330888,0,-0.454027862,1,0
0.934114159,0,-1.136964387,0,0
1.530962383,0,0.48500986,1,1
-0.821978414,1,0.314275729,1,0
-0.40161546,0,0.570376926,1,1
-0.308245593,1,-1.136964387,0,0
-0.552181061,0,-1.051597322,0,1
0.870962617,1,1.338680517,1,0
1.20940709,1,-0.368660796,1,0
-0.999155239,0,0.826478123,0,1
-0.099649849,0,-0.966230256,0,0
-0.711406279,1,1.253313452,1,1
2.598624788,0,0.48500986,0,1
-0.089272238,1,0.399642795,1,1
0.228731977,1,1.424047583,1,0
1.005385501,0,1.253313452,1,1
-0.854559063,0,0.143541598,0,1
-0.697915023,0,-1.051597322,1,0
-0.561632624,1,-0.710129059,1,1
-0.717469455,0,1.167946386,0,1
1.066849384,0,-1.136964387,1,0
-0.150450445,0,0.314275729,1,0
0.991505207,0,0.741111057,1,0
0.393320738,1,1.08257932,1,0
-1.022428527,1,-0.966230256,1,0
0.610440406,1,1.253313452,1,0
-0.710482623,1,0.655743992,0,1
-1.02478789,1,1.253313452,1,1
-0.836862018,0,-0.027192534,0,1
0.808496778,1,-0.88086319,1,0
0.605546304,0,-0.539394928,1,0
-0.128378311,1,1.167946386,1,0
1.446344161,1,-1.051597322,1,0
0.142602518,1,-0.624761993,1,0
-0.538219421,0,0.399642795,0,1
2.01814231,1,-0.966230256,1,1
0.914848933,1,0.058174532,1,0
0.910467186,0,-1.563799716,1,0
0.430923536,1,-0.624761993,1,1
-0.791137434,1,0.48500986,1,1
0.170399349,0,0.399642795,0,0
-0.189111694,0,1.424047583,0,0
0.896478241,1,-1.649166781,1,0
0.593988776,1,-0.112559599,0,0
0.561410366,0,-1.563799716,1,0
0.841645838,0,-0.197926665,1,0
0.13403036,1,-1.393065584,0,0
-0.529696662,1,-0.624761993,0,0
-0.878636663,0,0.911845189,1,0
-0.346670802,1,0.228908663,1,0
-0.531875305,1,-1.222331453,0,0
-0.051937584,0,-0.112559599,0,0
1.728010459,0,0.655743992,1,1
-0.852941414,0,-0.710129059,1,1
0.748651494,0,-1.47843265,0,0
-0.472013542,1,1.594781714,1,1
-0.174448986,0,0.826478123,1,0
-0.142008152,1,1.167946386,1,0
-0.667788063,1,-0.197926665,0,1
1.396306539,1,0.399642795,1,0
0.4618179,0,-0.710129059,1,0
-0.229096507,1,-1.222331453,1,0
1.018668094,1,-1.222331453,1,0
-0.692627261,1,0.826478123,1,0
-0.525697198,0,0.058174532,0,1
0.061401643,1,-1.47843265,0,0
2.373045849,1,0.997212255,1,1
0.29188017,0,0.997212255,1,1
0.748588746,1,-1.734533847,0,0
-0.535143847,1,1.167946386,1,1
0.060603747,0,0.997212255,1,1
-1.005017881,1,-0.539394928,1,1
-0.258889673,0,1.509414649,1,0
-1.010217063,0,-1.563799716,0,1
-0.055067401,1,0.570376926,1,0
-0.04891479,1,1.08257932,1,0
-0.183071042,1,-1.051597322,0,0
-0.411870736,0,-1.307698519,0,0
0.290169084,0,0.655743992,1,0
0.219791661,1,-0.368660796,0,0
-0.944961073,0,-0.539394928,1,1
-0.769909929,1,0.826478123,1,1
-0.227155463,0,-0.710129059,0,0
-0.168705645,1,0.741111057,1,1
-0.112248527,0,-1.563799716,0,0
-0.946006614,0,1.68014878,0,1
-0.718391701,1,-0.283293731,0,1
-0.631834316,1,-0.197926665,1,1
-0.107704336,0,0.911845189,0,0
-1.039110813,1,-1.47843265,1,1
-0.106084339,1,-1.136964387,1,0
-0.941111168,0,-0.539394928,1,1
-0.963299518,1,-1.222331453,1,1
0.331661708,1,1.253313452,0,0
-0.51123088,0,-1.393065584,1,1
-0.742832349,0,1.253313452,1,1
-0.637429736,0,-1.307698519,1,1
1.078802837,0,1.08257932,1,0
-0.37861781,0,0.314275729,0,0
-0.197750652,0,-0.966230256,0,1
-0.677447121,1,-1.649166781,1,0
1.334388646,0,1.594781714,1,0
-0.343938798,0,-0.88086319,1,0
1.084579978,0,1.424047583,0,0
-0.849680583,1,1.424047583,1,1
-0.953263608,0,-0.027192534,0,1
-0.198432427,1,-0.112559599,1,0
-0.912097289,0,0.997212255,0,1
-1.002771106,0,1.253313452,1,1
-0.521322793,0,-1.47843265,1,1
-0.926222979,1,1.338680517,1,1
0.640048131,0,1.594781714,1,0
-0.684528764,1,0.826478123,1,1
1.339456047,1,1.08257932,1,0
-0.356575298,0,-0.283293731,1,0
-0.568271308,1,1.424047583,1,1
-0.307873169,1,-0.454027862,1,1
-0.752774379,0,-0.624761993,1,0
-0.771656394,0,-1.136964387,1,1
0.310582096,0,-0.539394928,1,0
0.297414122,0,1.424047583,1,1
4.498649661,1,0.314275729,1,1
-0.646498196,1,-1.051597322,0,1
1.305320026,0,1.594781714,0,1
-0.464863515,0,-1.051597322,1,1
-0.910794299,1,-0.454027862,1,0
-0.612000636,1,1.424047583,1,1
0.138329887,0,-0.368660796,1,0
-0.498590467,1,0.997212255,0,0
-0.974353081,0,0.911845189,0,1
2.257274063,1,-0.624761993,1,1
2.897980708,1,-1.051597322,1,1
-0.911564357,1,0.741111057,0,1
0.977140556,1,-1.393065584,1,1
-0.730687402,1,-1.136964387,1,1
-0.098861836,0,-0.368660796,1,0
2.618972079,1,0.314275729,1,1
1.048258745,0,1.338680517,1,0
0.138816407,0,1.167946386,0,0
-0.442415045,0,1.167946386,0,0
-0.03068838,1,1.509414649,1,0
1.038311501,0,0.826478123,1,0
-0.648534979,1,1.253313452,0,1
-0.970192662,1,0.228908663,1,1
0.134424149,0,-1.563799716,0,1
-1.038890924,1,-0.88086319,1,1
1.009202074,0,-0.027192534,1,0
-0.961357264,1,0.741111057,1,1
-0.572747227,0,0.911845189,1,1
-1.022297033,0,0.058174532,0,1
-0.591129502,1,1.08257932,1,1
-0.551934033,1,1.68014878,0,0
0.100929361,1,1.424047583,1,0
-0.969065233,1,-0.112559599,1,1
0.16122096,0,-1.307698519,0,0
-0.852934582,1,-1.47843265,1,0
-0.802014977,1,-1.563799716,0,0
-1.038838592,0,-1.307698519,1,1
0.16987829,0,-0.539394928,1,1
-0.9234288,1,0.143541598,0,1
0.252061366,0,0.741111057,0,1
-0.048527698,1,-1.222331453,1,1
-0.329603004,1,-0.027192534,0,1
-0.473519769,0,-1.307698519,1,1
-0.651524404,1,-0.454027862,1,1
2.677516671,0,0.143541598,0,1
-0.601544129,1,-0.027192534,1,0
-0.656957603,1,1.594781714,1,1
-0.34121765,1,1.765515846,0,0
-1.008502524,1,0.399642795,1,1
-0.643587242,0,0.826478123,1,0
-0.579968401,0,-0.795496125,0,1
-0.73508491,1,-1.307698519,1,0
-0.329563987,0,0.570376926,0,0
0.551282203,0,1.338680517,0,1
0.144190345,0,-1.051597322,0,0
-0.659262743,1,-1.222331453,1,0
0.264954272,1,-0.027192534,1,0
-0.626432198,0,1.509414649,1,1
-0.976301949,1,0.228908663,1,1
0.996035836,1,-1.649166781,1,0
-0.272185161,0,1.167946386,1,1
-0.112535458,0,-1.307698519,1,1
-0.386285846,1,-0.539394928,1,0
0.310217515,1,-1.222331453,1,0
-0.6278133,0,-0.624761993,1,1
-0.79048907,0,-0.88086319,0,0
-0.12849014,1,-0.624761993,1,0
-0.969982633,0,-1.051597322,1,1
-0.953325443,0,1.594781714,1,1
0.91858989,0,0.399642795,0,1
-0.213221473,0,-1.47843265,0,0
-0.185888851,1,-0.368660796,1,1
1.486624234,0,-0.966230256,0,1
-0.747604938,1,-0.454027862,0,0
0.327291441,1,1.68014878,1,0
-0.836216156,1,1.08257932,1,0
-0.687702441,0,1.68014878,0,0
-0.741037622,0,-1.136964387,0,1
0.655481243,1,-0.624761993,0,1
0.151560543,0,0.058174532,1,0
-0.871430112,1,0.826478123,1,1
-0.795227986,1,1.594781714,1,1
-0.17110297,1,-0.795496125,1,0
-0.340989226,1,1.424047583,1,0
-0.964752896,0,-0.368660796,0,1
2.900622778,1,0.48500986,1,1
-0.619056311,1,1.253313452,0,1
-0.40631061,0,1.509414649,1,1
-1.006239154,0,-0.795496125,1,1
-0.302451064,1,0.826478123,1,1
0.021088967,1,-1.222331453,1,0
1.238715002,0,0.826478123,0,0
-0.913362623,0,1.338680517,0,1
2.986109783,0,1.594781714,1,1
1.49155455,0,-0.539394928,0,1
1.102333277,1,-1.47843265,0,0
-0.912971031,1,0.997212255,1,1
-0.651182135,0,-0.539394928,1,1
-0.725551686,1,0.314275729,1,0
-0.768996911,1,-0.88086319,1,1
-0.248706553,0,0.314275729,0,1
-0.544256619,1,1.338680517,1,0
-0.594753029,1,0.741111057,1,0
4.518886956,0,0.314275729,0,1
-0.729195859,1,-0.027192534,0,0
0.571480702,0,-0.88086319,1,0
0.255242684,1,1.509414649,1,1
-0.195175632,1,-0.368660796,1,0
0.334614135,1,-0.454027862,1,0
-0.360589564,1,0.48500986,1,0
0.004668297,0,0.48500986,0,0
-0.538310059,1,-0.624761993,1,1
0.805510646,1,1.594781714,0,0
1.168981167,0,-0.283293731,1,0
-0.125462044,0,-0.454027862,1,0
-0.988600501,1,1.509414649,1,1
-0.501176389,1,-1.47843265,0,0
-0.16689291,0,-0.624761993,1,0
0.065765651,0,1.253313452,1,0
-0.322344286,0,0.058174532,0,1
0.304587311,1,-0.539394928,1,0
2.242075372,1,-1.393065584,0,1
0.706308593,1,0.826478123,0,0
-0.488844233,1,-0.112559599,0,0
-0.93149567,0,1.253313452,1,1
-0.135030325,0,-0.710129059,0,0
-0.889307352,0,0.655743992,1,1
0.521094353,0,-1.393065584,0,0
-0.890212908,1,1.167946386,1,1
-0.767916253,0,0.741111057,0,1
-0.899129441,1,-1.649166781,1,0
0.205001142,0,-0.710129059,0,0
-0.300329584,1,-0.197926665,0,1
-0.557802002,1,1.338680517,1,0
0.165393549,1,-0.966230256,0,0
-0.83319056,1,0.314275729,0,1
0.609493043,0,0.48500986,0,0
0.60379151,0,0.058174532,1,0
-0.377227464,1,-1.47843265,1,0
-0.695461145,0,-0.027192534,0,1
-0.80660654,0,0.228908663,1,1
-0.193715573,1,1.509414649,1,0
2.319046853,1,0.826478123,0,1
0.300265573,1,0.058174532,1,0
-0.441642345,1,1.424047583,1,1
4.6017712,0,-0.795496125,0,1
0.784164615,1,-1.051597322,1,0
-1.002558777,1,-0.283293731,1,1
-0.141455461,1,-0.88086319,0,0
1.073176106,0,-0.027192534,1,0
0.513906219,1,1.594781714,1,0
-0.938236698,1,-1.393065584,1,1
0.351567626,1,0.228908663,1,0
0.126820606,1,0.570376926,0,0
-0.624660883,0,1.509414649,1,1
-0.658599416,1,-0.112559599,1,1
-0.69329476,1,0.48500986,1,0
0.507020988,1,-0.710129059,0,0
-0.04954325,1,-0.88086319,0,0
-1.024168129,0,-0.027192534,1,1
0.477991144,1,0.741111057,1,0
-0.628469055,1,0.570376926,1,0
1.012639173,1,-0.88086319,1,0
0.25859038,0,1.594781714,1,1
-0.198228623,0,-0.539394928,0,0
1.176261042,1,-1.051597322,1,0
-0.165509371,1,0.997212255,1,1
1.904400045,0,-1.222331453,1,0
-0.582718844,1,-1.051597322,1,0
1.093905262,0,-0.454027862,1,0
-0.545466665,1,0.911845189,1,0
-0.347346821,1,0.314275729,0,1
-0.988024151,0,-1.051597322,1,1
-0.604442971,1,-0.624761993,1,1
1.029604944,1,0.911845189,0,0
-0.838553142,0,1.253313452,1,1
-1.016429838,1,0.143541598,1,1
-0.2404376,1,0.228908663,1,0
-0.464472151,1,1.68014878,1,0
-0.091643839,0,0.058174532,0,0
0.105160198,0,-0.283293731,1,0
-0.193713968,0,-1.051597322,1,1
-0.029040167,1,-1.47843265,1,0
-0.211322129,0,-0.624761993,0,1
-0.990170658,0,-0.454027862,0,1
-0.424045145,1,-0.539394928,1,0
1.429048194,1,-1.222331453,1,0
2.127904674,1,0.741111057,1,1
-0.589188599,1,-0.539394928,1,1
-0.981683636,0,1.167946386,1,1
-0.324849272,1,1.594781714,1,0
-0.583991925,1,0.826478123,1,0
-0.495667846,1,1.594781714,1,1
-0.774282444,1,-0.624761993,0,1
-1.009906164,1,1.594781714,1,1
0.419298513,0,-0.283293731,1,0
-0.956375921,1,0.228908663,1,1
-0.387266861,1,-0.368660796,0,0
-0.188645104,0,-1.307698519,0,0
1.844786988,0,0.314275729,1,1
-0.426269502,1,0.911845189,1,1
0.346191441,1,-0.966230256,0,0
-0.828141791,1,0.570376926,1,1
-0.874877365,1,-0.88086319,1,1
-0.996009015,0,0.143541598,0,1
-0.529713594,1,-1.136964387,1,1
-0.208778967,1,-1.649166781,1,0
-0.688068551,0,0.911845189,0,1
0.259052369,1,0.911845189,1,0
-0.624622166,1,1.338680517,1,1
2.290499334,0,-1.222331453,1,1
0.532747142,1,0.399642795,0,0
-0.273465262,1,-0.197926665,1,0
-0.962291481,0,0.655743992,1,1
-0.659145533,1,0.143541598,0,1
-0.749557086,1,1.167946386,0,0
-0.439043455,0,-1.307698519,0,1
0.176281945,0,-0.454027862,0,1
-0.769053495,0,-1.393065584,0,1
-0.130383698,1,-1.393065584,1,0
-0.437308846,1,1.338680517,0,1
-0.946102495,0,-0.795496125,0,1
-0.625159274,0,0.997212255,1,1
-0.230642598,0,1.68014878,0,1
-0.033141203,1,-0.283293731,1,0
-0.439795167,1,0.570376926,0,0
2.304348828,0,0.911845189,0,1
-0.068717755,0,-1.307698519,0,0
-0.925320094,0,-1.393065584,0,0
-0.67541201,1,1.509414649,0,1
-0.42812765,1,-1.649166781,0,0
0.28637897,0,1.68014878,1,1
-0.475764372,1,1.08257932,1,1
-0.845090727,0,1.08257932,1,0
0.939353442,0,1.167946386,1,0
-0.524678395,1,-1.649166781,1,0
-0.556164373,1,-0.539394928,1,0
-0.196474286,0,-1.47843265,0,0
0.313884343,1,-1.649166781,1,0
-0.654544519,1,1.765515846,1,1
-1.001187001,0,-0.197926665,1,1
-0.415000487,1,0.997212255,0,1
0.014876541,1,-0.197926665,1,1
-0.721209168,1,-0.368660796,1,1
-0.782834439,1,0.48500986,0,1
-0.316843247,1,0.058174532,0,0
-0.475979791,1,-0.795496125,1,1
-0.992152669,1,0.399642795,1,1
-0.832590759,1,1.253313452,1,1
-0.837775566,1,0.058174532,1,0
-0.783096197,0,0.399642795,1,1
0.308222627,1,0.741111057,0,0
-0.906921223,0,0.911845189,1,0
-0.107115161,1,1.509414649,1,0
-0.944364616,0,-0.795496125,1,1
0.532080258,0,-0.027192534,1,0
-0.870109381,1,-0.027192534,1,1
-0.687317148,1,-0.795496125,1,0
-0.930067725,0,1.68014878,0,1
-0.794486071,0,0.997212255,0,1
0.15297093,0,-1.393065584,1,0
-0.468774155,1,-0.197926665,1,1
0.546821895,0,0.058174532,0,0
-0.892650114,0,1.08257932,1,1
-0.60411702,1,0.826478123,1,1
2.739772975,1,-0.966230256,1,1
0.007680159,1,-1.307698519,1,0
-0.546867256,1,0.826478123,1,0
-0.62370772,0,-1.393065584,1,1
0.291653052,1,-0.197926665,0,0
-1.035492235,1,-0.88086319,0,0
-0.524114164,1,-1.307698519,1,0
-0.606585977,1,1.594781714,0,1
1.193563568,0,1.253313452,1,1
-0.583337279,1,0.570376926,1,0
-0.009605655,1,-1.393065584,1,0
0.146210949,1,0.570376926,1,0
-0.280000005,1,0.48500986,0,0
-0.446951803,0,-0.795496125,0,1
0.439652268,1,1.08257932,1,0
-0.163349811,0,1.08257932,0,0
0.762032565,1,1.338680517,0,0
-0.217916904,1,1.594781714,1,0
0.15824713,0,-0.368660796,0,1
-0.972513647,1,-0.454027862,1,1
-0.166744761,0,0.911845189,1,1
-0.531447694,1,1.253313452,1,1
-0.346110544,1,1.68014878,1,0
-0.644114459,0,-0.368660796,1,1
1.699244322,1,0.399642795,1,0
-0.508924557,0,1.338680517,0,1
0.513950504,1,0.399642795,0,0
-0.757228183,1,-0.112559599,1,0
-0.444313931,0,1.167946386,0,1
-0.307830559,0,-0.368660796,0,1
-0.926952158,0,-0.966230256,0,1
0.832769176,1,0.911845189,1,0
0.66159109,1,-1.222331453,1,0
-0.842595186,1,-0.539394928,1,1
0.872078308,1,-0.966230256,0,0
-0.147106955,0,1.424047583,0,1
1.000964139,1,0.48500986,0,0
-0.718728118,1,0.143541598,1,1
-0.118324024,0,-1.136964387,1,1
-0.912283217,0,0.48500986,0,1
-0.563436302,1,-1.051597322,1,0
-0.42675865,0,-0.112559599,1,1
-0.845669612,1,1.167946386,1,1
-0.936115441,1,0.228908663,1,1
0.217424516,1,-0.283293731,1,0
-0.744171506,1,-0.88086319,1,0
0.680562583,0,-1.136964387,1,0
-0.891508891,0,1.167946386,0,1
-0.861414635,1,0.314275729,1,0
1.132728456,1,-0.966230256,1,0
-0.212172703,0,-0.795496125,0,1
-0.6128907,0,-0.539394928,0,1
-0.967595112,1,0.48500986,1,1
-0.812177937,1,0.228908663,1,1
0.254503102,1,0.314275729,1,0
0.035647083,1,1.68014878,1,1
-0.062872344,0,-0.710129059,1,0
-1.033921947,1,-1.734533847,0,1
0.043638044,1,0.48500986,1,0
-0.092835305,1,-1.393065584,1,1
-0.440961431,0,-0.368660796,1,1
-0.910140648,0,0.143541598,1,1
-0.602389734,1,0.228908663,1,1
0.085473725,1,0.399642795,0,0
-0.96844482,0,0.228908663,1,1
-0.965405892,0,0.570376926,0,1
0.159217657,1,0.058174532,1,0
0.219040955,0,1.167946386,1,0
4.381846787,0,-1.136964387,1,1
5.57658831,0,1.253313452,1,1
0.117761747,0,0.228908663,1,0
1.619916626,0,0.826478123,1,0
-0.175822546,0,0.314275729,0,1
-1.014650455,1,-0.368660796,1,1
-0.599977227,0,-0.966230256,1,1
-0.034747347,0,1.424047583,1,1
-0.880820662,1,0.314275729,0,1
6.713167277,0,-0.283293731,1,1
-0.650662621,1,-1.649166781,1,0
1.137886004,1,-1.136964387,1,0
-0.21282447,1,-0.197926665,0,0
-0.360634921,1,-1.563799716,0,0
0.863219098,1,-1.222331453,1,0
1.885890423,1,-1.307698519,1,0
-0.187223966,0,1.08257932,0,1
-0.507781372,0,-0.368660796,1,0
-0.057468357,0,-0.88086319,1,0
1.878020566,0,1.509414649,1,1
0.110460317,0,-0.027192534,0,0
-0.753810337,1,-0.197926665,1,1
-0.935874368,1,-1.393065584,1,1
-0.347312914,1,0.997212255,1,0
0.939516741,1,-0.283293731,1,0
0.829558938,0,1.424047583,1,0
0.004699532,1,0.655743992,1,0
-0.489305743,0,0.826478123,0,0
-1.010309218,1,0.314275729,1,1
-0.880064426,1,-1.393065584,1,1
-0.947910976,0,-1.307698519,0,0
0.426409441,1,-1.222331453,1,0
-0.36608109,1,-0.197926665,1,0
-0.774984228,1,0.314275729,1,1
-0.245681143,1,-1.563799716,1,0
-0.394597143,1,-0.539394928,1,1
-0.247887642,0,0.826478123,0,0
-0.045665577,1,0.997212255,1,0
-0.933152368,0,0.826478123,1,1
0.738445336,1,-0.027192534,1,0
-0.104839976,1,-1.136964387,0,0
-0.707704772,0,0.997212255,1,1
-0.865608687,1,0.570376926,1,0
-0.084778574,1,1.167946386,1,0
-0.76225198,1,-0.539394928,1,1
-0.444436786,1,1.509414649,1,0
0.738945758,1,0.228908663,1,0
-0.401614306,0,0.48500986,0,1
-0.868036211,1,0.314275729,1,1
0.584999929,1,-1.222331453,1,1
-0.982156414,0,1.594781714,1,1
0.823250739,0,-0.112559599,0,0
-0.833806293,1,-1.307698519,1,0
0.128788797,1,1.253313452,1,0
0.697501487,0,1.167946386,1,0
-1.033076458,0,-1.136964387,1,1
-0.813937884,0,0.058174532,1,1
0.407958891,1,1.424047583,1,0
-0.782787825,1,-0.112559599,1,0
-0.522270157,0,-0.966230256,1,1
1.384008903,0,0.058174532,0,0
0.276244405,1,-1.393065584,1,0
-0.813597818,1,-0.197926665,1,1
-0.96147305,0,0.058174532,1,1
-0.265829822,0,-0.283293731,0,0
-0.741746706,0,-0.283293731,1,1
-0.979652945,0,-0.197926665,1,1
0.297986143,1,-0.197926665,1,0
-0.728619419,1,-0.454027862,0,1
0.190739991,1,0.48500986,0,0
0.326607733,0,-1.136964387,0,1
-0.79539098,1,0.314275729,1,1
-0.686350165,1,0.143541598,1,0
1.577895609,1,-1.47843265,0,1
0.294749617,1,-1.649166781,1,0
-1.011788292,0,-1.47843265,1,1
1.862592075,1,0.826478123,1,0
0.144121295,1,0.48500986,1,0
0.545910835,1,-1.563799716,0,0
-0.626390707,0,-1.222331453,1,0
0.000768671,0,-0.539394928,0,1
0.108889568,0,-1.47843265,0,0
-0.899671261,1,0.997212255,1,1
0.374670718,0,0.228908663,1,0
-0.807496514,1,0.741111057,1,1
-0.889989155,1,0.570376926,0,0
0.131346974,1,0.48500986,1,0
-0.807201071,0,1.424047583,0,0
0.425050174,0,1.68014878,0,0
-0.224309974,1,-0.88086319,1,0
-0.423469701,1,-0.624761993,1,1
-0.60231872,1,-1.393065584,0,0
-1.007038862,0,1.424047583,1,1
0.597913486,0,1.253313452,1,1
-0.113870862,1,-1.47843265,1,0
0.730493165,1,1.167946386,1,0
-0.862045792,1,1.68014878,1,1
-0.761318273,1,-1.393065584,1,1
-1.025756368,1,1.167946386,1,1
-0.928191766,1,-1.222331453,1,1
-0.593651384,1,-0.027192534,1,1
-0.23114902,0,1.08257932,0,0
-0.883907748,1,-0.027192534,1,0
2.43380313,0,-0.966230256,1,1
-0.755228412,0,0.655743992,1,1
1.401772135,1,-1.393065584,0,0
0.053365503,0,-0.454027862,0,0
-0.92858978,1,0.143541598,1,1
0.269892299,0,1.424047583,1,1
-0.808729425,1,-1.222331453,1,0
-0.440107317,1,1.338680517,1,0
-0.195432893,0,0.826478123,0,1
1.592794568,0,-1.222331453,0,0
-0.739225315,0,0.314275729,0,1
1.258581367,0,-1.222331453,1,0
0.064451155,0,1.167946386,0,0
-0.334234073,1,-0.539394928,1,0
-0.909709345,1,-0.368660796,1,1
-0.885193523,0,-0.197926665,0,1
0.111727344,1,1.594781714,1,0
0.35601467,0,-1.222331453,0,0
0.825513755,0,1.338680517,1,1
-0.520040179,1,-1.649166781,1,0
-0.933264612,0,0.48500986,1,1
-0.945721506,0,1.594781714,0,1
-0.37484413,1,0.826478123,1,1
-0.232720434,1,0.741111057,1,0
-0.429703916,0,1.253313452,1,0
0.316446907,1,-1.47843265,1,0
1.21201111,1,1.509414649,1,0
-0.459784338,1,-0.539394928,1,0
-0.695983354,0,0.228908663,1,1
0.152518736,0,1.253313452,1,0
-0.836243065,1,-1.393065584,1,1
-0.739160142,1,-1.307698519,1,0
-0.489283407,1,0.655743992,1,0
0.132917711,0,-0.710129059,1,0
1.680303308,1,-0.539394928,1,0
0.097928185,1,0.143541598,1,0
1.528796202,0,-1.136964387,1,1
-0.867527357,0,0.399642795,0,1
0.307076755,0,-1.136964387,0,0
-0.677684585,0,0.741111057,0,1
2.215774661,0,0.058174532,0,1
-0.757242413,1,-0.027192534,1,1
-0.57058226,0,1.509414649,0,1
-1.010829809,1,1.253313452,1,1
-0.249400026,1,-1.649166781,1,0
-0.404667895,0,1.424047583,1,1
0.429241623,0,0.570376926,0,0
0.437527982,1,-1.051597322,0,0
0.916852319,0,-0.112559599,1,0
-0.325525294,1,0.058174532,0,0
-0.078242587,0,0.314275729,0,1
-0.152604048,0,0.399642795,0,0
-0.959757001,1,0.997212255,1,1
-0.66434127,0,1.338680517,0,1
0.665793576,0,1.08257932,1,1
-0.082166613,1,-0.966230256,1,0
-0.922798298,1,-1.051597322,1,1
-0.492337166,0,-0.795496125,1,1
1.243185689,1,0.399642795,0,1
-0.17711955,0,-0.027192534,1,1
-1.017096378,1,-0.795496125,1,1
-0.593900761,1,0.655743992,0,1
0.41250265,1,-1.649166781,1,0
0.243847494,0,1.509414649,1,0
4.522869792,1,-0.197926665,1,1
0.091429894,0,-0.710129059,0,0
-0.257416552,0,0.826478123,0,1
-0.837515562,0,0.911845189,1,1
-1.016712973,0,-1.051597322,0,1
-0.871392988,0,0.741111057,1,1
0.536295112,0,0.655743992,1,0
1.955726211,1,1.338680517,1,1
0.066586021,1,0.143541598,1,0
-0.188455285,1,0.058174532,0,0
0.59183648,0,1.253313452,0,0
0.816575307,0,0.741111057,0,0
0.479533113,0,-0.88086319,1,0
-0.094422759,0,0.399642795,1,0
-0.996639166,0,-0.88086319,0,1
-0.589961572,0,-1.136964387,0,0
-1.030335393,1,0.741111057,0,1
-0.261334219,1,1.167946386,1,1
0.017473847,1,-1.051597322,1,0
0.26173942,1,-1.393065584,1,0
-0.492580025,0,-0.454027862,0,1
-0.275520045,1,-0.624761993,1,0
1.218103677,1,-0.197926665,1,1
2.108778566,0,1.338680517,1,1
0.060697279,1,-1.051597322,0,0
3.229221539,0,-1.393065584,1,1
-0.392964974,0,1.424047583,1,1
-1.001762477,0,-0.88086319,0,1
-0.270229713,1,0.143541598,1,0
1.243491414,0,-0.283293731,0,0
-0.025333469,1,0.911845189,1,0
-1.016050335,1,-1.393065584,0,1
0.960976186,1,0.741111057,0,0
-0.754482714,0,1.765515846,1,1
-1.018797874,0,1.509414649,0,1
-0.875980493,1,-1.393065584,1,0
1.517242683,0,-1.563799716,1,0
0.023719299,0,1.08257932,1,1
1.290888163,1,0.997212255,0,0
-0.915644669,1,0.570376926,1,1
0.791336735,1,0.314275729,0,1
-0.811249513,1,0.399642795,0,0
1.979783547,0,-0.710129059,1,1
1.529842296,0,0.399642795,0,0
0.78527425,1,1.08257932,1,0
-1.004854367,1,-0.710129059,1,0
1.22498196,0,-0.454027862,1,0
-0.431326893,0,-1.136964387,1,1
-0.382290623,1,-0.710129059,1,0
-0.492576003,0,1.167946386,1,1
-0.578306236,1,0.399642795,0,0
-0.23564233,1,0.228908663,1,0
0.492816516,0,-0.539394928,0,0
-1.035321942,1,0.058174532,1,1
0.287994567,0,-0.197926665,0,0
0.811772829,0,0.570376926,0,0
0.144918373,0,-0.197926665,0,0
0.209609176,1,1.424047583,0,0
-0.086400121,1,1.594781714,1,0
-0.889955184,1,1.509414649,1,1
4.695729373,0,0.826478123,1,1
1.305042953,1,-1.393065584,0,0
0.534855575,0,0.741111057,1,0
0.104769701,1,-0.112559599,1,0
-0.791239705,1,0.911845189,1,1
4.961645779,1,1.424047583,0,1
-0.891033319,0,0.741111057,0,0
1.019857945,1,-0.197926665,1,0
-0.816998096,0,-0.539394928,1,1
3.947515488,0,0.058174532,1,1
-0.741882046,1,1.167946386,1,0
0.857931846,0,-1.051597322,1,0
0.641728989,0,0.399642795,1,0
-0.904045841,0,-1.734533847,1,0
1.523032968,1,-1.051597322,1,0
0.990802885,0,-0.112559599,0,0
2.292567977,1,-1.051597322,1,1
0.219851173,1,0.570376926,1,0
0.971586333,0,-0.368660796,1,1
-0.433307189,1,-0.454027862,1,0
-0.865892219,0,0.741111057,0,1
-0.533783625,1,0.570376926,1,1
0.675530984,1,1.167946386,1,0
0.228458199,1,-1.563799716,1,0
0.627735002,0,1.338680517,1,0
2.789637018,1,0.570376926,1,1
-0.854260472,0,1.594781714,0,1
1.616254193,1,1.167946386,1,1
0.426090407,0,1.338680517,1,0
0.419703821,1,0.48500986,0,0
0.018079683,1,-1.393065584,1,0
-0.619880507,0,-0.795496125,1,0
0.138853115,1,-0.539394928,1,0
0.5181491,1,0.399642795,1,0
0.024090345,1,-0.112559599,1,0
-0.411495999,0,-1.136964387,1,0
0.054449921,1,0.228908663,1,0
-0.06640248,0,-0.197926665,1,1
0.389913229,1,0.143541598,1,0
0.003204255,1,-0.283293731,1,0
-0.822043363,1,1.68014878,0,0
-1.031008368,0,1.253313452,1,1
-0.629584612,0,1.338680517,0,1
-0.766825005,0,0.911845189,0,1
0.335972671,1,-0.710129059,1,0
-0.905822248,0,-0.966230256,1,1
-0.740863892,0,-0.283293731,1,1
-0.996462445,1,1.338680517,0,1
-0.831316823,0,-0.197926665,0,1
2.295771476,1,1.167946386,1,1
-1.023486641,1,-1.47843265,1,1
0.145560354,1,-1.051597322,1,1
-0.040732093,1,0.48500986,0,0
2.298575497,1,-1.47843265,0,1
-0.940842186,0,0.314275729,0,1
-0.491939506,0,0.741111057,1,1
1.02658905,1,1.594781714,1,0
-0.371563054,0,1.509414649,0,1
-0.932528191,1,-0.966230256,0,1
0.745296105,0,-0.283293731,1,0
-0.65265936,1,-1.051597322,1,1
-0.032434142,1,-1.563799716,0,0
1.581067051,1,0.48500986,1,0
-0.417293478,0,-0.454027862,1,0
0.116820461,0,-0.368660796,1,0
-0.682125001,0,-0.624761993,1,0
0.896063839,1,-0.454027862,1,0
0.281007098,1,-1.393065584,1,1
-0.23765036,0,0.997212255,1,1
0.189965725,0,-0.966230256,0,0
-1.011587572,0,-0.454027862,0,1
-0.903077201,1,-1.136964387,1,1
-0.782134133,1,0.911845189,0,1
0.428286703,0,-0.027192534,1,0
-0.459328326,1,-0.539394928,1,1
1.904453421,0,-0.966230256,1,1
-0.557070255,0,-0.197926665,0,1
-0.936758962,1,0.143541598,1,1
-0.58639414,0,1.68014878,1,1
0.054640428,0,-0.454027862,0,0
0.011770476,0,-0.966230256,1,0
-0.058849624,1,0.314275729,1,0
0.699503054,1,-1.393065584,1,0
1.151923216,0,0.826478123,1,1
-0.280815943,1,0.143541598,1,0
-0.799811009,1,-1.136964387,1,1
0.903088188,0,1.424047583,0,1
2.846828761,0,0.911845189,0,1
-0.795213079,1,0.997212255,0,1
0.930865978,0,1.167946386,1,1
0.881794926,0,0.399642795,1,0
-0.765747313,1,-0.283293731,1,1
-0.489248813,0,-0.624761993,1,1
-0.282011415,1,0.655743992,1,0
-0.054769998,0,-0.966230256,1,1
0.235991466,1,-0.539394928,0,0
-0.293282786,1,1.338680517,1,0
0.837231531,0,0.48500986,0,0
0.294007205,1,-1.47843265,0,0
0.465171181,1,-0.710129059,0,0
0.048876783,0,1.253313452,1,0
-0.75752966,1,-0.624761993,1,0
-0.849516501,1,-0.454027862,1,1
-0.875559138,0,-0.710129059,1,1
-0.673837769,0,1.253313452,1,1
6.357955112,0,-1.393065584,0,1
-0.866382766,0,-0.454027862,1,1
-0.294119519,1,0.314275729,1,0
-0.221735891,0,0.911845189,0,1
0.056389738,0,-0.283293731,0,1
0.506505382,0,-0.197926665,1,0
0.377726514,0,-0.710129059,0,0
-0.191604771,1,-0.368660796,1,0
-0.32572248,1,-1.307698519,1,1
-0.729115608,1,-0.112559599,1,0
0.709298213,0,-0.88086319,1,0
1.933031739,0,-0.368660796,0,1
-0.868889983,1,1.167946386,1,1
-0.908453796,1,-1.307698519,1,0
-0.696637206,0,1.167946386,1,1
-0.01769189,1,-0.368660796,1,0
-0.841757994,0,1.594781714,0,0
-0.280731231,0,-0.710129059,1,0
-0.769248051,0,1.68014878,1,1
-0.605819427,1,0.655743992,1,0
-0.538855184,1,-0.795496125,1,0
-0.761344041,1,-1.307698519,0,1
-0.946598526,0,-0.710129059,0,1
0.297593865,1,-0.454027862,1,0
-0.108415316,1,-0.710129059,1,0
0.864428165,1,1.08257932,1,0
2.246003739,1,-1.649166781,0,1
-0.696118413,1,-1.47843265,1,1
-0.375024939,0,1.338680517,1,1
-0.730425288,1,-0.624761993,0,1
4.696604045,0,-1.649166781,1,1
1.411927137,0,-0.966230256,1,1
1.28949529,1,-1.222331453,1,0
-0.940665659,1,0.48500986,1,1
-0.61112975,0,-1.222331453,0,1
-1.013218323,1,0.314275729,0,1
-0.449733053,1,-1.222331453,1,0
0.255507847,0,-1.47843265,1,0
0.223826935,1,-0.624761993,1,0
-0.811727084,0,0.570376926,0,1
-0.974801989,1,0.399642795,0,1
1.02097839,1,-0.966230256,1,0
-0.430632014,1,-0.624761993,1,1
1.303321112,1,1.08257932,0,0
-0.919469315,0,0.058174532,1,1
1.661017768,0,0.314275729,0,1
-0.074255515,1,1.167946386,1,0
1.906853818,1,-1.649166781,1,1
0.26500391,1,0.741111057,0,1
-0.248459043,1,1.594781714,0,0
-1.017697441,0,0.143541598,0,1
0.367736121,1,-0.454027862,1,0
-0.577772213,1,-1.563799716,1,0
2.283250099,0,1.424047583,1,1
0.187224917,1,-1.307698519,1,0
-0.83328534,0,0.314275729,1,1
-0.360948642,1,0.570376926,1,1
-0.84967534,0,0.570376926,0,1
0.481698835,1,0.058174532,1,0
1.083251948,1,1.167946386,1,0
-0.966955019,1,0.655743992,1,1
-0.938004648,0,-1.563799716,0,1
-0.83314677,1,0.399642795,1,1
0.732308176,0,1.68014878,0,0
-0.2235914,0,-0.027192534,0,1
-0.959479859,1,0.741111057,1,1
0.858065438,0,-1.47843265,0,0
-0.537325429,0,-0.966230256,0,0
0.289858163,1,0.228908663,1,0
0.087716712,0,0.228908663,1,1
-1.033216735,0,-0.027192534,1,1
-0.81893165,1,-0.027192534,1,1
0.736373156,1,0.48500986,1,0
-0.632396019,0,0.570376926,1,1
2.845178618,1,0.911845189,1,1
1.897400745,1,-1.47843265,1,0
1.209092411,0,-0.539394928,1,0
-0.730990084,1,1.594781714,1,0
-0.879085178,0,-1.47843265,0,1
0.466334329,0,1.253313452,1,0
1.49570847,0,0.314275729,0,1
-0.025647533,1,-0.368660796,1,0
-0.664704174,1,0.143541598,0,0
0.320566074,0,0.314275729,1,0
-1.019228063,0,1.338680517,0,1
-0.645751009,0,-0.197926665,0,0
0.232947857,0,-0.454027862,1,1
-0.954964716,1,1.167946386,0,1
-0.797915839,1,1.253313452,1,1
-0.921988367,1,1.338680517,1,1
-0.664698451,1,0.058174532,1,1
-0.215419655,0,-0.454027862,0,0
0.314247929,1,-0.88086319,0,0
-0.895331315,1,-1.051597322,1,1
-0.825179216,0,-0.454027862,1,1
1.405018729,0,-0.112559599,0,1
-0.493871009,0,-0.795496125,1,1
-0.97063122,1,-0.624761993,1,1
-0.736722086,1,1.167946386,1,1
1.734633019,0,1.338680517,0,1
1.432471175,0,1.338680517,0,1
0.151448632,1,-0.454027862,1,0
-0.797996922,0,-1.649166781,0,1
-0.774801447,0,0.143541598,1,1
1.183462711,0,0.826478123,0,1
-1.031553769,0,0.228908663,1,1
0.008491785,0,0.48500986,0,0
-0.596185984,1,1.167946386,1,0
0.279535142,0,-0.027192534,1,1
-0.381297449,1,1.08257932,1,0
-0.954570531,0,0.741111057,1,1
0.046162471,1,-0.966230256,1,0
-0.379044552,1,1.253313452,1,1
1.399205296,1,0.826478123,1,0
-0.991302985,1,-1.307698519,0,1
-0.933938588,1,-0.624761993,1,1
1.628627511,0,-1.563799716,0,0
-1.037022062,1,-1.649166781,1,1
6.037955879,1,-1.563799716,1,1
2.599698534,1,1.594781714,1,1
4.26041483,1,-1.307698519,1,1
2.007258252,0,0.058174532,1,1
0.119160707,1,-1.47843265,1,0
-0.406364013,1,-1.649166781,1,0
-0.784531503,0,1.08257932,0,0
-0.540087111,1,0.570376926,1,0
-0.806020329,1,0.48500986,1,1
2.085847897,1,1.594781714,0,1
-0.40846382,1,1.338680517,1,0
0.947665023,1,1.509414649,1,0
-0.038447727,1,1.08257932,1,0
0.480755392,1,-0.539394928,0,0
1.12578982,0,-1.649166781,1,0
-0.338316627,1,1.509414649,1,0
-0.317334291,1,0.143541598,1,0
-0.512516468,0,-1.222331453,0,1
0.0239365,1,-1.222331453,1,0
-0.786668255,0,-1.222331453,1,0
-0.623799589,1,0.058174532,1,0
-0.560132593,0,0.655743992,1,0
-0.962052674,1,-0.454027862,1,1
-0.115783141,1,-1.393065584,1,0
-1.010551223,0,0.314275729,1,1
-0.849812712,1,0.228908663,0,1
2.048026583,0,1.594781714,0,1
-0.707823801,1,-0.368660796,1,1
-0.086284141,1,0.570376926,1,0
-0.604865018,1,0.48500986,0,0
-1.005097018,0,1.509414649,0,1
0.822046057,0,0.655743992,1,1
-0.532778908,1,-0.795496125,1,1
-0.39524562,1,1.338680517,1,1
-0.443936175,0,-0.197926665,0,0
-1.03602362,1,-0.112559599,1,1
3.706116498,1,-0.966230256,0,1
0.517520904,0,1.424047583,0,0
0.464652603,1,1.594781714,0,1
0.794955836,1,1.594781714,1,0
-0.220619814,1,-1.649166781,1,0
0.116712424,0,0.911845189,1,0
0.153399066,1,1.509414649,1,1
-0.243522878,1,0.228908663,1,0
1.47578063,1,-1.393065584,0,0
1.305721615,1,0.143541598,1,1
-0.602285675,1,-1.393065584,0,0
-0.925373655,0,0.399642795,0,1
-0.60616404,0,0.058174532,1,1
-1.001828949,1,0.911845189,1,0
-0.981416985,0,-0.88086319,0,1
-0.01185318,1,1.167946386,1,1
-0.011779963,0,0.314275729,0,0
-0.011946774,0,-0.197926665,1,0
-0.011761889,1,-0.539394928,0,0
-0.011857863,0,1.338680517,0,0
-0.011665828,0,-1.649166781,0,0
-0.011972322,1,-0.966230256,1,0
-0.011545753,1,-0.454027862,1,0
-0.01191223,1,-1.393065584,1,0
-0.011964267,1,-0.368660796,0,0
-0.011696591,1,0.655743992,1,0
-0.012035474,1,0.911845189,1,0
-0.011915917,0,-0.027192534,1,0
-0.012144904,0,-1.47843265,1,0
-0.011813174,1,-0.710129059,1,0
-0.011660808,0,-1.47843265,0,0
-0.012050005,1,0.48500986,1,1
-0.011965207,1,0.997212255,1,0
-0.01209357,1,-0.027192534,1,0
-0.011746058,1,-0.368660796,1,0
-0.012191737,0,-0.795496125,1,0
-0.011922315,1,-1.393065584,1,0
-0.012011621,1,-1.222331453,1,0
-0.012070977,0,1.424047583,1,1
-0.011938683,0,1.338680517,0,0
-0.012397691,0,1.509414649,0,0
-0.011756689,1,-0.283293731,1,0
-0.01201578,1,-0.027192534,1,0
-0.012088343,1,-1.393065584,0,0
-0.011954203,0,1.68014878,0,1
-0.011838054,0,-0.368660796,0,0
-0.011891065,1,-0.027192534,0,0
-0.012099576,1,-1.136964387,1,0
-0.011752375,0,0.399642795,0,1
-0.011868152,1,-0.624761993,1,0
-0.011656827,0,-0.966230256,1,0
-0.011958957,1,0.570376926,0,0
-0.011757673,1,-1.051597322,1,0
-0.011567389,0,-1.563799716,1,0
-0.011904234,1,-1.393065584,0,0
-0.012150299,0,1.338680517,1,1
-0.011907144,1,1.167946386,1,0
-0.011468771,1,-1.47843265,1,0
-0.011813082,0,-0.88086319,0,0
-0.011613645,1,-1.563799716,1,0
-0.012313775,0,1.509414649,0,1
-0.011824224,0,0.399642795,1,0
-0.011773643,1,1.338680517,1,1
-0.011914638,1,0.143541598,1,0
-0.011942543,1,-1.563799716,1,0
-0.011934689,1,0.48500986,0,0
-0.011562589,1,0.570376926,1,0
-0.011760813,1,-1.307698519,1,0
-0.011818525,1,0.911845189,1,0
-0.011761299,0,-1.051597322,0,1
-0.011975179,0,-0.624761993,1,0
-0.011949131,0,-0.624761993,1,0
-0.011846006,1,-0.454027862,1,1
-0.011745376,1,1.08257932,1,0
-0.011780456,0,0.399642795,1,0
-0.012242442,0,0.399642795,1,0
-0.011649792,1,0.399642795,1,1
-0.012191765,0,-1.563799716,1,0
-0.012056182,0,1.08257932,0,0
-0.012003008,1,0.826478123,1,0
-0.012004118,1,0.48500986,1,1
-0.012059198,0,1.594781714,1,0
-0.011886452,1,-1.307698519,1,0
-0.011849784,0,-1.222331453,0,0
-0.012109911,1,0.741111057,0,0
-0.011881672,1,-0.710129059,1,1
-0.011756911,1,-1.307698519,1,0
-0.011651772,1,0.314275729,0,0
-0.011642885,0,-1.649166781,0,0
-0.012268346,1,0.48500986,1,1
-0.011913363,0,1.08257932,0,0
-0.011963322,1,0.570376926,0,0
-0.011793714,1,-1.649166781,1,0
-0.011655194,1,-0.368660796,1,0
-0.012142466,0,-0.027192534,1,0
-0.011735853,1,-1.563799716,0,1
-0.012025845,0,0.570376926,1,0
-0.011552249,0,-1.307698519,1,0
-0.011751022,1,-0.112559599,0,1
-0.011836108,0,0.143541598,1,0
-0.011942191,1,1.594781714,1,0
-0.011705222,1,1.424047583,1,0
-0.012038064,1,1.253313452,1,0
-0.011966874,1,-0.539394928,1,0
-0.011600081,1,-1.47843265,0,0
-0.011768404,0,0.997212255,1,1
-0.011676655,0,-0.624761993,1,0
-0.011833134,1,-0.88086319,1,0
-0.011817978,1,0.655743992,1,0
-0.011596294,0,-0.795496125,0,0
-0.011669765,1,0.826478123,1,1
-0.012286617,0,1.594781714,0,0
-0.011846674,1,0.911845189,0,0
-0.011959311,1,-0.112559599,1,0
-0.011943791,0,-1.051597322,1,0
-0.011939923,0,-1.649166781,0,0
-0.012116206,1,0.826478123,1,0
-0.011877577,1,-0.368660796,0,0
-0.01226764,1,-1.734533847,1,0
-0.012034953,1,1.509414649,1,0
-0.011980876,0,0.655743992,0,1
-0.011943273,0,0.741111057,0,0
-0.011763086,1,0.399642795,1,1
-0.011881676,1,1.68014878,1,0
-0.011813505,0,0.826478123,0,1
-0.011736895,1,-1.307698519,1,0
-0.011788751,1,-1.393065584,1,0
-0.012354705,0,-1.393065584,0,0
-0.01193322,0,0.48500986,1,0
-0.01184762,1,1.253313452,1,0
-0.012020543,1,0.228908663,1,0
-0.011848131,0,-1.307698519,0,0
-0.011733315,1,1.594781714,0,0
-0.011869877,0,1.338680517,0,0
-0.011734283,1,0.058174532,1,0
-0.01183602,1,1.509414649,1,0
-0.011841539,0,-0.710129059,0,1
-0.012236198,0,-1.563799716,1,0
-0.011791966,0,1.424047583,1,0
-0.011837539,1,-0.795496125,1,1
-0.011657687,0,-1.136964387,0,0
-0.011993091,0,-0.539394928,1,0
-0.011962588,0,0.997212255,1,1
-0.011747695,1,0.314275729,1,0
-0.012184195,1,1.424047583,0,1
-0.012142457,1,-0.027192534,1,0
-0.012176378,0,0.741111057,0,1
-0.012162552,1,1.08257932,0,0
-0.01180942,0,1.338680517,1,0
-0.01213027,1,1.509414649,1,1
-0.01207702,0,-1.649166781,1,0
-0.011807973,1,1.68014878,1,0
-0.011593202,0,0.570376926,1,0
-0.011874002,1,1.08257932,0,0
-0.011676805,1,-1.649166781,1,0
-0.011728205,1,-0.539394928,1,0
-0.011863776,1,-0.88086319,1,0
-0.011826946,0,-1.051597322,1,0
-0.01205104,0,-0.283293731,0,0
-0.012275438,1,0.143541598,1,1
-0.012346967,1,0.997212255,1,0
-0.012071702,1,-1.222331453,1,0
-0.012131342,1,-0.88086319,1,0
-0.011770328,1,-1.222331453,1,0
-0.011775411,1,-0.368660796,1,0
